structure_rank,hugo_name,uniprot_id,uniprot_isoform,structure_id,deposition_date,experimental_method,resolution,r_free,PDBREDOdb,PDBREDOdb_rfree,complex_protein,complex_protein_details,complex_nucleotide,complex_nucleotide_details,complex_ligand,complex_ligand_details,chains,coverage,mutations_in_pdb,b_factor,warnings
0,,Q00534,1,AF-Q00534-F1-model_v4,2022-06-01,PREDICTED,NA,NA,NO,NA,NA,NA,NA,NA,NA,NA,A,"{'A': '[(10, 21);(25, 164);(182, 303)]'}",NA,"{'A': [33.39, 29.8, 29.6, 36.37, 37.89, 47.51, 60.06, 67.82, 68.29, 70.81, 79.14, 89.29, 92.97, 92.97, 92.25, 92.93, 92.94, 90.91, 87.65, 76.64, 75.43, 64.61, 57.56, 63.91, 72.85, 83.86, 89.31, 92.45, 94.37, 95.57, 96.26, 95.43, 93.54, 91.21, 91.76, 90.95, 91.24, 94.56, 96.01, 96.08, 94.46, 93.32, 89.67, 87.36, 81.15, 82.59, 82.37, 82.6, 83.22, 80.05, 80.27, 80.88, 83.51, 83.55, 83.07, 84.64, 80.07, 81.95, 85.32, 85.71, 82.26, 85.13, 89.43, 88.64, 88.79, 91.12, 92.41, 92.95, 92.33, 94.52, 95.17, 94.88, 96.71, 97.09, 97.9, 96.26, 95.47, 94.32, 93.8, 93.12, 91.69, 90.1, 89.57, 84.06, 77.59, 80.88, 80.74, 82.74, 80.44, 83.77, 86.73, 85.51, 87.46, 87.26, 90.12, 90.65, 93.77, 94.52, 94.36, 94.83, 94.43, 87.37, 94.01, 95.67, 97.3, 95.57, 95.43, 96.78, 96.53, 95.3, 94.97, 93.63, 93.88, 91.45, 91.98, 94.68, 95.49, 95.5, 95.24, 94.44, 95.8, 97.17, 97.49, 97.08, 97.84, 98.34, 98.28, 98.33, 98.53, 98.66, 98.27, 97.91, 97.76, 97.89, 97.48, 95.5, 94.35, 94.38, 91.64, 89.02, 89.63, 89.45, 91.37, 88.33, 87.45, 93.71, 94.17, 95.67, 92.7, 94.0, 96.97, 97.33, 97.26, 95.42, 92.2, 93.2, 92.99, 96.68, 98.07, 97.85, 96.96, 93.25, 85.41, 79.83, 66.13, 65.78, 58.81, 61.57, 57.74, 55.17, 53.99, 50.68, 48.18, 49.18, 44.86, 38.93, 37.84, 34.61, 40.56, 49.38, 62.8, 75.79, 91.26, 96.29, 96.33, 94.26, 94.89, 95.45, 92.24, 91.59, 92.21, 91.56, 87.67, 81.61, 79.95, 80.03, 84.88, 89.24, 93.8, 94.14, 95.75, 98.35, 98.27, 97.73, 98.57, 98.58, 98.6, 98.48, 98.59, 98.39, 97.82, 97.95, 97.12, 94.63, 93.89, 94.28, 96.87, 97.43, 97.43, 95.99, 95.3, 92.39, 91.86, 91.03, 93.68, 94.66, 95.98, 95.56, 96.06, 96.31, 97.46, 96.88, 95.56, 96.27, 96.3, 96.53, 96.25, 95.62, 94.01, 93.26, 94.25, 95.08, 94.5, 90.79, 88.54, 85.8, 88.12, 88.24, 90.92, 92.15, 93.56, 91.78, 91.74, 93.25, 89.73, 84.66, 87.6, 92.17, 94.76, 95.6, 95.18, 95.36, 94.59, 95.12, 95.68, 95.61, 91.32, 92.29, 95.54, 95.35, 96.73, 97.38, 97.59, 97.67, 98.05, 98.55, 98.54, 98.05, 98.53, 98.54, 98.34, 98.03, 97.39, 95.36, 94.4, 94.3, 97.08, 98.01, 98.55, 98.29, 98.08, 97.52, 98.02, 98.46, 97.45, 96.44, 98.16, 97.32, 97.35, 96.83, 89.51, 85.26, 80.94, 68.25, 61.86, 59.81, 58.66, 54.26, 48.02, 49.84, 47.53, 48.36, 47.29, 36.94, 34.87, 38.98, 44.71, 38.75, 34.98, 40.66, 38.59, 46.76, 46.66, 39.34, 45.28, 45.58]}",NA
1,,Q00534,1,1BLX,1998-07-21,X-RAY DIFFRACTION,1.9,0.253,NO,NA,protein complex,"['CDK6_HUMAN, Q00534, chain_A;CDN2D_MOUSE, Q60773, chain_B']",NA,NA,Other ligands,"['CALCIUM ION, chain A']",A,"{'A': '[(5, 309)]'}",NA,"{'A': array([ 71.97,  67.37,  57.95,  45.49,  39.59,  34.55,  37.5 ,  33.28,
        28.82,  26.89,  22.99,  19.88,  17.  ,  25.36,  27.55,  31.55,
        36.32,  34.9 ,  31.38,  26.83,  25.99,  26.07,  21.51,  18.87,
        20.19,  17.82,  23.72,  28.23,  32.57,  38.6 ,  36.02,  39.2 ,
        34.91,  26.44,  19.83,  18.49,  20.9 ,  20.74,  21.15,  23.95,
        28.1 ,  39.3 ,  38.18,  42.14,  44.07,  43.76,  47.07,  47.01,
        46.01,  42.79,  38.09,  32.72,  34.  ,  33.09,  33.59,  37.07,
        31.48,  28.84,  31.01,  28.82,  22.68,  25.59,  26.47,  21.8 ,
        19.21,  24.86,  24.38,  21.66,  21.07,  21.12,  18.31,  20.98,
        19.99,  17.19,  21.76,  22.69,  25.71,  24.99,  30.67,  35.04,
        35.59,  41.71,  51.52,  55.51,  59.64,  55.1 ,  49.76,  43.37,
        34.24,  29.1 ,  24.88,  24.32,  20.43,  21.59,  19.37,  20.37,
        17.45,  18.8 ,  14.75,  16.55,  14.4 ,  19.37,  19.52,  18.86,
        23.79,  29.12,  28.04,  35.83,  42.06,  46.6 ,  43.72,  37.84,
        32.29,  32.98,  31.49,  28.58,  23.42,  22.79,  19.64,  19.58,
        19.67,  19.  ,  19.84,  17.79,  18.13,  17.88,  18.03,  17.66,
        20.81,  19.82,  20.76,  19.6 ,  20.85,  27.86,  29.16,  33.94,
        25.56,  21.59,  19.59,  25.67,  23.11,  21.59,  18.48,  17.85,
        20.1 ,  18.17,  18.08,  14.6 ,  17.04,  19.63,  20.36,  26.76,
        23.82,  22.27,  18.15,  18.84,  19.41,  20.16,  25.36,  23.3 ,
        25.86,  29.36,  27.64,  28.12,  28.1 ,  34.27,  48.23,  62.71,
        74.46,  83.58,  90.34,  93.99,  95.21,  92.45,  86.52,  76.65,
        62.63,  45.99,  29.25,  21.64,  19.29,  19.48,  17.78,  23.2 ,
        20.63,  23.38,  24.16,  23.9 ,  31.14,  36.3 ,  47.54,  45.86,
        30.42,  21.47,  21.48,  18.57,  15.93,  16.69,  16.41,  15.18,
        16.18,  18.02,  15.88,  14.34,  14.8 ,  19.05,  19.09,  22.17,
        21.86,  23.9 ,  26.55,  28.82,  23.35,  22.57,  28.12,  33.28,
        35.54,  38.69,  36.84,  36.59,  32.56,  30.15,  24.59,  28.4 ,
        27.67,  31.47,  25.79,  27.54,  35.62,  31.4 ,  29.76,  32.29,
        35.65,  35.19,  37.47,  40.96,  39.98,  37.36,  34.24,  32.91,
        37.14,  35.3 ,  29.2 ,  33.44,  35.42,  38.14,  42.26,  50.  ,
        50.39,  50.73,  58.84,  58.84,  58.57,  51.62,  44.6 ,  43.64,
        37.03,  36.73,  42.8 ,  37.93,  30.85,  31.47,  40.27,  42.3 ,
        30.06,  28.62,  25.22,  25.75,  24.2 ,  26.49,  24.57,  21.01,
        21.98,  23.41,  22.33,  18.77,  22.65,  24.57,  23.17,  25.37,
        25.62,  29.28,  30.15,  21.27,  22.24,  21.26,  18.89,  23.67,
        25.49,  21.69,  23.12,  27.75,  23.19,  27.45,  20.32,  26.53,
        50.48,  69.95,  87.06, 105.44, 121.25, 132.32, 141.59, 146.94,
       150.07])}",NA
2,,Q00534,1,6OQO,2019-04-26,X-RAY DIFFRACTION,1.977,0.2641,YES,0.2468,NA,NA,NA,NA,Other ligands,"['N-[5-(6-ethyl-2,6-diazaspiro[3.3]heptan-2-yl)pyridin-2-yl]-5-fluoro-4-[(4R)-4-methyl-5,6,7,8-tetrahydro-4H-pyrazolo[1,5-a]azepin-3-yl]pyrimidin-2-amine, chain A']",A,"{'A': '[(181, 301)]'}",NA,"{'A': array([ 93.98,  80.99,  52.57,  47.4 ,  50.35,  49.09,  47.63,  45.51,
        47.75,  50.18,  58.13,  67.87,  58.55,  72.18,  72.1 ,  75.08,
        54.86,  52.8 ,  51.76,  40.17,  42.26,  39.64,  47.83,  43.29,
        51.94,  44.66,  54.64,  50.59,  54.74,  46.3 ,  55.16,  55.79,
        81.03,  70.89,  67.56,  65.64,  57.07,  65.09,  63.27,  59.63,
        56.42,  70.7 ,  55.79,  78.97,  69.68,  71.91,  62.73,  51.12,
        55.77,  71.47,  64.33,  67.64,  71.76,  72.64,  71.58,  64.77,
        75.71,  65.86,  83.12,  79.48,  89.66,  67.6 ,  65.66,  66.72,
        91.79, 102.87,  73.53,  75.62,  62.65,  68.45,  71.34,  76.81,
        82.43,  81.26,  96.64, 109.59, 126.81, 115.78,  69.81,  84.77,
        92.12,  84.  , 101.44,  89.38,  76.78,  73.24,  88.26,  93.37,
        74.77,  92.5 ,  82.61,  73.36,  70.16,  70.51,  67.78,  60.64,
        61.36,  65.58,  62.81,  53.81,  54.26,  48.11,  60.43,  54.18,
        48.56,  54.35,  62.1 ,  51.  ,  49.72,  46.87,  47.79,  59.2 ,
        67.74,  50.76,  67.53,  70.94,  70.1 ,  89.98,  66.56,  79.34,
       110.3 ])}",NA
3,,Q00534,1,5L2S,2016-08-02,X-RAY DIFFRACTION,2.27,0.2488,YES,0.2407,NA,NA,NA,NA,Other ligands,"['N-{5-[(4-ethylpiperazin-1-yl)methyl]pyridin-2-yl}-5-fluoro-4-[4-fluoro-2-methyl-1-(propan-2-yl)-1H-benzimidazol-6-yl]py rimidin-2-amine, chain A']",A,"{'A': '[(181, 301)]'}",NA,"{'A': array([69.74, 62.81, 53.47, 45.96, 42.75, 42.79, 42.38, 41.95, 41.33,
       44.08, 47.6 , 49.83, 52.44, 54.27, 59.05, 58.74, 47.55, 42.78,
       40.67, 39.73, 37.61, 36.27, 39.74, 39.89, 43.73, 43.87, 45.35,
       46.42, 45.86, 46.57, 45.53, 50.52, 50.33, 54.19, 54.58, 53.55,
       50.04, 50.13, 51.12, 56.41, 58.51, 58.93, 53.11, 52.05, 53.47,
       51.66, 50.49, 51.39, 50.9 , 49.85, 47.45, 47.03, 52.45, 52.59,
       53.54, 55.66, 57.68, 59.04, 60.08, 62.53, 66.61, 63.52, 58.2 ,
       65.55, 73.99, 76.27, 69.44, 63.75, 61.61, 58.99, 54.77, 57.83,
       61.33, 64.1 , 73.24, 78.81, 81.35, 79.88, 75.42, 74.11, 71.31,
       69.57, 68.83, 65.93, 59.95, 57.95, 63.81, 64.38, 61.68, 62.64,
       61.5 , 58.76, 57.21, 55.83, 53.8 , 51.63, 48.58, 49.42, 48.93,
       46.31, 46.73, 45.69, 47.62, 46.8 , 46.47, 48.9 , 46.31, 42.35,
       43.48, 41.51, 43.37, 44.94, 45.55, 45.04, 45.17, 51.67, 52.63,
       56.23, 56.19, 60.69, 67.85])}",NA
4,,Q00534,1,4AUA,2012-05-15,X-RAY DIFFRACTION,2.31,0.27734,YES,0.2625,NA,NA,NA,NA,Other ligands,"['1H-benzimidazol-2-yl(1H-pyrrol-2-yl)methanone, chain A']",A,"{'A': '[(182, 301)]'}",NA,"{'A': array([51.77, 38.24, 35.67, 42.92, 41.72, 43.51, 43.84, 42.02, 44.69,
       49.26, 47.8 , 50.4 , 54.7 , 61.19, 58.46, 48.92, 44.94, 39.48,
       35.11, 36.41, 35.83, 40.59, 39.31, 43.72, 39.39, 40.75, 40.24,
       36.42, 43.83, 40.4 , 50.26, 50.24, 53.63, 55.35, 55.06, 47.65,
       50.82, 52.24, 56.3 , 53.63, 54.69, 48.44, 54.11, 51.85, 48.1 ,
       45.44, 50.43, 52.36, 52.31, 49.85, 51.19, 53.34, 55.05, 60.11,
       65.76, 70.67, 70.47, 69.94, 70.38, 72.51, 63.8 , 60.21, 70.28,
       82.95, 80.95, 69.76, 65.42, 59.61, 57.62, 54.87, 63.38, 60.23,
       64.77, 80.01, 88.53, 94.78, 93.45, 85.66, 80.71, 71.81, 66.05,
       68.68, 70.58, 59.32, 54.9 , 70.27, 72.04, 66.33, 72.32, 73.37,
       66.42, 60.64, 60.4 , 60.83, 54.98, 52.17, 55.87, 54.58, 51.59,
       52.74, 50.63, 47.39, 48.34, 47.43, 50.83, 53.76, 49.22, 47.58,
       42.35, 41.75, 48.69, 52.52, 48.76, 45.84, 57.27, 60.07, 63.27,
       59.48, 64.17, 75.22])}",NA
5,,Q00534,1,5L2T,2016-08-02,X-RAY DIFFRACTION,2.37,0.2576,YES,0.2363,NA,NA,NA,NA,Other ligands,"['7-cyclopentyl-N,N-dimethyl-2-{[5-(piperazin-1-yl)pyridin-2-yl]amino}-7H-pyrrolo[2,3-d]pyrimidine-6-carboxamide, chain A']",A,"{'A': '[(181, 301)]'}",NA,"{'A': array([76.63, 69.56, 58.93, 53.73, 51.35, 48.97, 46.96, 52.18, 49.04,
       51.03, 52.39, 55.78, 62.36, 63.56, 67.99, 67.33, 56.29, 48.52,
       47.31, 46.98, 46.06, 46.31, 48.22, 46.57, 52.26, 52.14, 51.67,
       52.2 , 51.16, 55.62, 54.17, 59.78, 61.37, 65.28, 64.97, 61.72,
       54.13, 60.7 , 61.79, 68.47, 68.62, 64.86, 56.81, 56.61, 60.34,
       59.44, 57.49, 57.7 , 60.5 , 61.55, 61.05, 61.7 , 68.13, 68.46,
       68.42, 69.69, 69.56, 69.7 , 70.68, 68.33, 69.22, 64.47, 58.45,
       62.68, 73.67, 81.02, 76.77, 71.69, 67.45, 67.71, 65.85, 67.67,
       65.07, 69.79, 81.55, 87.61, 92.5 , 92.74, 90.04, 88.63, 86.24,
       84.17, 81.02, 81.27, 77.85, 77.55, 83.45, 80.8 , 76.91, 77.32,
       76.69, 72.7 , 71.51, 72.05, 69.82, 66.41, 59.72, 58.53, 59.18,
       55.8 , 57.71, 57.88, 56.21, 55.24, 54.19, 57.62, 59.67, 55.9 ,
       54.15, 51.25, 50.08, 55.07, 54.22, 56.78, 58.7 , 64.34, 65.68,
       70.17, 69.79, 73.78, 85.43])}",NA
6,,Q00534,1,3NUP,2010-07-07,X-RAY DIFFRACTION,2.6,0.2643,YES,0.276,NA,NA,NA,NA,Other ligands,"['4-[3-(1-methylethyl)-1H-pyrazol-4-yl]-N-(1-methylpiperidin-4-yl)pyrimidin-2-amine, chain A']",A,"{'A': '[(181, 255);(258, 300)]'}",NA,"{'A': array([74.07, 68.67, 58.49, 54.32, 51.08, 53.78, 53.26, 52.68, 52.13,
       53.53, 56.85, 65.93, 73.42, 76.5 , 79.88, 76.34, 61.96, 54.4 ,
       51.44, 49.99, 47.35, 44.31, 48.3 , 48.2 , 48.05, 47.37, 49.95,
       48.47, 50.45, 50.68, 52.59, 57.36, 58.58, 61.24, 63.01, 64.36,
       60.78, 62.41, 66.27, 72.4 , 68.56, 69.93, 67.06, 71.44, 67.58,
       65.58, 64.24, 63.72, 62.5 , 61.83, 59.26, 63.64, 68.41, 68.98,
       68.83, 70.41, 72.35, 75.49, 77.81, 79.07, 78.91, 72.28, 67.69,
       73.47, 79.71, 81.34, 77.88, 74.96, 71.44, 71.45, 70.97, 75.27,
       73.64, 75.31, 82.77, 90.28, 89.46, 90.46, 87.98, 83.69, 83.44,
       80.65, 78.17, 78.26, 80.59, 81.72, 80.94, 84.35, 81.84, 77.86,
       73.7 , 68.9 , 66.2 , 60.18, 59.63, 59.34, 54.91, 52.45, 55.35,
       55.9 , 55.84, 56.27, 56.96, 58.88, 58.78, 53.  , 52.21, 52.95,
       55.81, 58.13, 63.39, 62.27, 62.5 , 67.88, 63.84, 66.41, 64.18,
       64.78])}",NA
7,,Q00534,1,4EZ5,2012-05-02,X-RAY DIFFRACTION,2.7,0.287,YES,0.2939,NA,NA,NA,NA,Other ligands,"['{5-[4-(dimethylamino)piperidin-1-yl]-1H-imidazo[4,5-b]pyridin-2-yl}[2-(isoquinolin-4-yl)pyridin-4-yl]methanone, chain A']",A,"{'A': '[(181, 255);(258, 301)]'}",NA,"{'A': array([113.52,  99.7 ,  80.9 ,  83.31,  79.19,  71.82,  77.43,  78.42,
        76.92,  81.23,  78.84,  80.9 ,  93.91,  88.69,  92.83, 102.46,
        84.15,  74.72,  73.99,  68.9 ,  70.51,  72.04,  70.62,  69.78,
        75.38,  81.94,  73.97,  83.31,  82.27,  82.26,  83.21,  87.24,
        95.33,  88.83,  85.7 ,  92.97,  87.51,  89.22,  86.57,  94.78,
        97.2 ,  94.27,  98.06,  97.29,  99.45,  96.4 ,  95.43,  90.47,
        99.47,  98.28,  89.38,  97.47,  97.52,  93.72, 102.04,  95.92,
        94.77, 100.23, 104.56, 102.43, 104.43, 101.97,  92.51,  97.92,
       112.05, 117.78, 106.37, 100.76, 101.64,  99.27,  99.9 , 106.64,
       109.86, 112.9 , 119.06, 112.47,  99.79, 112.01, 117.78, 119.03,
       116.58, 110.87,  99.24, 106.77, 116.72, 117.15, 118.86, 120.08,
       117.97, 105.89, 100.31, 100.72,  97.47,  89.81,  93.03,  93.71,
        89.01,  81.02,  85.96,  83.58,  85.54,  79.14,  72.86,  85.1 ,
        91.33,  81.98,  85.6 ,  82.01,  76.29,  85.64,  85.74,  87.65,
        85.64,  96.36,  94.06, 102.6 ,  98.53,  97.53, 107.38])}",NA
8,,Q00534,1,3NUX,2010-07-07,X-RAY DIFFRACTION,2.7,0.266,YES,0.2682,NA,NA,NA,NA,Other ligands,"['4-[5-chloro-3-(1-methylethyl)-1H-pyrazol-4-yl]-N-(5-piperazin-1-ylpyridin-2-yl)pyrimidin-2-amine, chain A']",A,"{'A': '[(181, 255);(257, 301)]'}",NA,"{'A': array([77.48, 72.  , 62.3 , 56.11, 51.43, 53.42, 53.86, 54.15, 53.53,
       55.11, 58.89, 63.6 , 71.89, 72.83, 74.64, 75.49, 63.34, 55.56,
       53.24, 48.78, 45.22, 43.52, 44.8 , 45.43, 46.92, 48.09, 51.45,
       52.4 , 55.11, 55.28, 54.74, 60.74, 64.29, 66.43, 66.39, 66.11,
       62.65, 64.22, 66.44, 68.9 , 67.62, 65.98, 65.07, 67.22, 66.26,
       63.79, 63.93, 63.75, 62.98, 64.69, 63.03, 65.12, 66.11, 62.89,
       66.57, 70.66, 74.48, 74.63, 75.43, 74.79, 77.77, 74.15, 71.44,
       78.07, 86.69, 89.37, 85.16, 81.3 , 77.19, 76.51, 76.47, 79.39,
       80.58, 81.19, 86.03, 91.68, 92.71, 93.3 , 93.29, 91.86, 88.57,
       88.07, 84.87, 81.27, 83.55, 87.24, 86.95, 81.91, 81.93, 83.18,
       78.98, 76.41, 73.12, 68.04, 59.35, 56.03, 57.03, 56.95, 54.62,
       56.82, 57.1 , 56.27, 56.26, 57.18, 58.62, 57.26, 53.37, 49.13,
       49.76, 53.49, 55.89, 59.47, 60.94, 60.56, 68.32, 70.06, 71.68,
       72.09, 76.44, 85.21])}",NA
9,,Q00534,1,6OQL,2019-04-26,X-RAY DIFFRACTION,2.707,0.2529,YES,0.2947,NA,NA,NA,NA,Other ligands,"['5-fluoro-N-[5-(4-methylpiperazin-1-yl)pyridin-2-yl]-4-[(4R)-4-methyl-5,6,7,8-tetrahydro-4H-pyrazolo[1,5-a]azepin-3-yl]pyrimidin-2-amine, chain A']",A,"{'A': '[(181, 301)]'}",NA,"{'A': array([105.73,  87.58,  85.81,  86.5 ,  88.32,  80.92, 108.39, 113.94,
        84.06,  82.94, 100.71, 126.01, 113.73, 116.33, 100.34, 105.  ,
       103.15,  82.58, 103.25,  79.58,  96.51,  82.48,  82.25,  80.91,
        84.17, 109.18, 120.79, 117.94, 105.51,  98.21, 113.83, 123.35,
       118.48, 117.44, 120.11, 102.77, 118.48, 121.82, 111.37,  95.87,
       108.87, 120.39, 110.25, 114.64, 108.65, 122.1 , 112.52,  99.45,
       122.51, 118.79, 104.76, 112.41, 119.76, 105.21, 126.54, 113.96,
       104.36, 122.46, 105.05, 105.89, 124.44, 116.34, 102.91, 108.91,
       119.67, 129.66, 123.66, 110.  , 102.5 , 112.64, 152.93, 143.68,
       116.67, 110.01, 140.68, 176.51, 159.08, 144.95, 146.17, 154.86,
       122.04, 129.34, 157.49, 159.68, 128.38, 114.04, 132.43, 151.51,
       155.37, 155.75, 151.43, 139.56, 115.18, 122.9 , 121.07, 118.27,
        99.11, 112.27, 108.27,  97.16, 105.62, 110.68,  89.35,  89.73,
        86.54,  91.04, 119.16,  99.29, 104.79, 112.33,  99.21, 111.  ,
       109.03, 104.22, 105.21, 115.63, 116.55, 167.  , 139.74, 124.88,
       137.3 ])}",NA
10,,Q00534,1,5L2I,2016-08-01,X-RAY DIFFRACTION,2.75,0.3037,YES,0.2896,NA,NA,NA,NA,Other ligands,"['6-ACETYL-8-CYCLOPENTYL-5-METHYL-2-[(5-PIPERAZIN-1-YLPYRIDIN-2-YL)AMINO]PYRIDO[2,3-D]PYRIMIDIN-7(8H)-ONE, chain A']",A,"{'A': '[(181, 254);(257, 301)]'}",NA,"{'A': array([ 79.96,  71.86,  65.  ,  67.47,  62.81,  65.33,  72.18,  73.52,
        72.24,  68.95,  72.53,  74.74,  73.45,  75.06,  78.37,  78.03,
        71.63,  69.62,  71.66,  68.24,  67.38,  68.26,  72.81,  63.49,
        70.47,  70.3 ,  72.35,  74.62,  68.65,  68.79,  63.41,  75.92,
        79.33,  76.92,  76.03,  75.77,  75.14,  78.81,  80.38,  80.98,
        74.55,  73.3 ,  75.15,  74.98,  78.78,  79.52,  74.52,  77.36,
        77.31,  79.55,  80.61,  80.7 ,  84.81,  88.14,  89.64,  90.94,
        94.61,  97.71,  98.52,  99.26, 100.05,  92.44,  90.18, 102.69,
       108.24, 105.91,  98.43,  92.83,  92.19,  87.97,  83.86,  86.  ,
        82.65,  99.42, 103.33, 106.75, 104.11, 105.62, 104.44, 101.33,
       106.84, 107.72, 108.12, 112.7 , 114.69, 114.23, 112.96, 112.82,
       110.59, 105.87, 100.75,  98.26,  96.18,  91.43,  90.33,  90.53,
        85.51,  81.43,  82.07,  81.1 ,  78.02,  76.33,  73.03,  76.96,
        78.69,  78.75,  80.98,  81.14,  81.19,  86.65,  84.96,  85.32,
        83.76,  88.27,  91.34,  95.12,  99.4 , 102.01, 105.89])}",NA
11,,Q00534,1,8I0M,2023-01-11,X-RAY DIFFRACTION,2.7772,0.2816,YES,0.2467,NA,NA,NA,NA,Other ligands,"['2-[(4-azanylcyclohexyl)amino]-7-cyclopentyl-~{N},~{N}-dimethyl-pyrrolo[2,3-d]pyrimidine-6-carboxamide, chain A']",A,"{'A': '[(181, 301)]'}",NA,"{'A': array([ 96.79,  80.65,  58.82,  60.76,  58.63,  58.18,  66.3 ,  58.49,
        61.46,  68.31,  66.36,  60.05,  72.12,  73.77,  83.54,  89.59,
        74.13,  62.19,  55.17,  58.28,  57.71,  57.98,  55.87,  54.8 ,
        62.73,  63.57,  63.23,  71.72,  59.9 ,  63.45,  71.86,  81.34,
        86.93,  90.04,  85.15,  76.93,  62.41,  82.24,  75.35,  84.71,
        81.43,  95.64,  76.79,  84.94,  80.4 ,  79.95,  76.31,  64.72,
        69.06,  78.44,  64.44,  70.07,  74.37,  77.49,  82.97,  86.17,
        85.52,  81.06,  75.5 ,  69.69,  91.1 ,  86.11,  66.1 ,  76.6 ,
        97.78, 110.66,  83.97,  78.16,  73.81,  72.51,  73.99,  78.44,
        79.75,  81.73, 110.42, 135.2 , 115.55, 124.54, 110.29, 109.93,
        96.76,  90.57,  97.77,  90.27,  80.05,  80.46, 100.68, 112.48,
        87.18,  90.77,  87.18,  88.54,  77.4 ,  75.3 ,  74.65,  67.04,
        70.47,  76.45,  76.52,  66.58,  65.29,  66.38,  63.19,  66.93,
        64.93,  75.39,  74.94,  61.96,  62.88,  56.18,  65.28,  71.66,
        66.54,  68.22,  66.03,  69.93,  65.83,  79.65,  77.77,  85.88,
        93.27])}",NA
12,,Q00534,1,2F2C,2005-11-16,X-RAY DIFFRACTION,2.8,0.30144,YES,0.2976,protein complex,"['CGH2_SHV21, Q01043, chain_A;CDK6_HUMAN, Q00534, chain_B']",NA,NA,Other ligands,"SULFATE ION, chain B;(2S)-2-({6-[(3-AMINO-5-CHLOROPHENYL)AMINO]-9-ISOPROPYL-9H-PURIN-2-YL}AMINO)-3-METHYLBUTAN-1-OL, chain B;DIMETHYL SULFOXIDE, chain B",B,"{'B': '[(25, 86);(88, 244)]'}",NA,"{'B': array([75.89, 75.85, 76.12, 76.41, 76.36, 75.94, 76.25, 76.44, 76.5 ,
       76.43, 75.99, 74.71, 73.86, 72.89, 71.75, 70.42, 70.05, 70.59,
       72.15, 72.97, 73.68, 74.62, 75.79, 76.79, 76.63, 76.17, 75.5 ,
       74.84, 72.58, 70.57, 68.47, 67.19, 66.64, 65.92, 65.52, 67.74,
       69.52, 69.38, 70.36, 71.34, 70.56, 70.64, 70.66, 71.45, 73.24,
       71.63, 70.7 , 71.8 , 71.17, 71.61, 72.91, 74.5 , 74.79, 75.64,
       75.86, 76.35, 76.42, 76.7 , 78.01, 79.43, 79.56, 79.8 , 71.38,
       71.36, 71.22, 71.04, 71.07, 70.99, 70.99, 71.  , 70.19, 69.05,
       68.43, 67.7 , 67.75, 68.57, 70.41, 71.44, 72.67, 72.25, 71.76,
       71.46, 71.51, 70.74, 70.08, 69.14, 68.58, 67.54, 66.55, 66.06,
       66.72, 67.13, 67.99, 70.06, 71.68, 71.88, 72.1 , 73.1 , 74.71,
       76.33, 75.37, 74.81, 74.82, 74.21, 74.32, 74.52, 73.51, 72.75,
       71.43, 70.17, 69.18, 68.25, 68.68, 69.04, 69.1 , 69.05, 70.6 ,
       70.51, 71.16, 71.55, 70.92, 69.46, 69.62, 70.27, 71.38, 70.53,
       70.14, 70.79, 71.13, 71.58, 72.48, 71.98, 70.34, 70.2 , 70.32,
       70.48, 71.48, 73.12, 72.83, 72.59, 70.91, 69.84, 69.8 , 68.04,
       69.36, 67.65, 66.72, 68.88, 69.5 , 70.33, 72.3 , 74.68, 76.23,
       77.83, 77.02, 76.61, 76.71, 75.93, 72.76, 71.44, 70.46, 70.02,
       69.79, 68.84, 67.6 , 67.55, 68.4 , 70.62, 71.31, 71.25, 71.58,
       69.73, 68.47, 68.32, 68.16, 67.64, 68.6 , 68.67, 69.33, 68.97,
       69.44, 69.88, 69.45, 69.59, 70.87, 72.74, 73.09, 72.08, 71.36,
       70.45, 70.49, 70.28, 70.49, 72.38, 73.69, 74.03, 73.89, 73.48,
       73.06, 72.04, 71.47, 70.48, 69.44, 68.01, 66.9 , 65.81, 67.19,
       69.99, 72.15, 75.03, 78.24, 81.3 , 83.64, 86.1 , 88.49, 90.4 ,
       91.94, 93.63, 93.96])}",NA
13,,Q00534,1,1BI8,1998-06-22,X-RAY DIFFRACTION,2.8,0.308,NO,NA,protein complex,"['CDK6_HUMAN, Q00534, chain_A;CDN2D_HUMAN, P55273, chain_B']",NA,NA,NA,NA,A;C,"{'A': '[(92, 301)]', 'C': '[(92, 301)]'}",NA,"{'A': array([ 99.11,  93.64,  77.4 ,  56.62,  56.77,  49.19,  39.87,  37.69,
        33.85,  21.14,  31.95,  31.92,  33.58,  29.83,  28.94,  32.77,
        33.07,  37.29,  55.25,  50.23,  64.13,  80.26,  83.79,  75.43,
        63.27,  53.43,  56.3 ,  60.53,  62.63,  53.17,  36.01,  46.78,
        48.33,  46.61,  38.03,  39.95,  43.11,  41.15,  36.28,  44.03,
        46.37,  47.99,  52.45,  52.95,  49.42,  55.72,  62.49,  75.91,
        75.26,  57.67,  48.45,  37.39,  41.62,  43.04,  36.52,  20.73,
        17.29,  32.29,  34.86,  33.48,  26.94,  26.58,  25.57,  39.23,
        47.45,  38.74,  38.21,  34.11,  32.72,  29.9 ,  25.15,  33.19,
        38.98,  38.97,  34.08,  40.72,  36.95,  35.3 ,  34.99,  44.92,
        54.12,  77.82,  96.16, 100.  ,  98.47,  84.89,  64.94,  50.27,
        38.82,  28.94,  31.91,  41.23,  33.99,  27.54,  31.8 ,  37.32,
        36.7 ,  34.93,  30.2 ,  30.66,  41.8 ,  47.72,  55.48,  67.53,
        63.37,  58.35,  44.14,  42.96,  30.27,  36.61,  33.43,  31.96,
        34.46,  33.93,  27.11,  36.59,  32.38,  27.75,  24.89,  28.64,
        33.94,  37.49,  40.62,  46.03,  41.31,  33.02,  33.5 ,  35.27,
        29.48,  26.98,  35.72,  34.58,  43.01,  36.05,  43.37,  41.12,
        32.37,  35.89,  37.91,  29.88,  41.3 ,  49.34,  45.02,  45.08,
        58.23,  53.14,  53.63,  65.11,  75.87,  76.68,  62.96,  44.78,
        50.46,  70.38,  67.16,  47.58,  35.68,  34.33,  29.51,  34.63,
        46.14,  43.43,  57.87,  85.54,  89.69,  98.15,  95.89,  84.45,
        77.76,  76.73,  62.23,  58.67,  58.01,  54.13,  60.69,  76.58,
        69.28,  58.14,  63.95,  71.5 ,  63.06,  45.66,  46.47,  45.99,
        42.7 ,  44.46,  40.2 ,  42.53,  38.07,  31.89,  41.76,  40.97,
        33.22,  39.64,  52.23,  57.  ,  57.34,  46.19,  59.8 ,  64.92,
        66.31,  54.44,  55.73,  60.95,  61.75,  53.75,  56.21,  57.78,
        76.86,  94.69]), 'C': array([ 99.11,  93.64,  77.4 ,  56.62,  56.77,  49.19,  39.87,  37.69,
        33.85,  21.14,  31.95,  31.92,  33.58,  29.83,  28.94,  32.77,
        33.07,  37.29,  55.25,  50.23,  64.13,  80.26,  83.79,  75.43,
        63.27,  53.43,  56.3 ,  60.53,  62.63,  53.17,  36.01,  46.78,
        48.33,  46.61,  38.03,  39.95,  43.11,  41.15,  36.28,  44.03,
        46.37,  47.99,  52.45,  52.95,  49.42,  55.72,  62.49,  75.91,
        75.26,  57.67,  48.45,  37.39,  41.62,  43.04,  36.52,  20.73,
        17.29,  32.29,  34.86,  33.48,  26.94,  26.58,  25.57,  39.23,
        47.45,  38.74,  38.21,  34.11,  32.72,  29.9 ,  25.15,  33.19,
        38.98,  38.97,  34.08,  40.72,  36.95,  35.3 ,  34.99,  44.92,
        54.12,  77.82,  96.16, 100.  ,  98.47,  84.89,  64.94,  50.27,
        38.82,  28.94,  31.91,  41.23,  33.99,  27.54,  31.8 ,  37.32,
        36.7 ,  34.93,  30.2 ,  30.66,  41.8 ,  47.72,  55.48,  67.53,
        63.37,  58.35,  44.14,  42.96,  30.27,  36.61,  33.43,  31.96,
        34.46,  33.93,  27.11,  36.59,  32.38,  27.75,  24.89,  28.64,
        33.94,  37.49,  40.62,  46.03,  41.31,  33.02,  33.5 ,  35.27,
        29.48,  26.98,  35.72,  34.58,  43.01,  36.05,  43.37,  41.12,
        32.37,  35.89,  37.91,  29.88,  41.3 ,  49.34,  45.02,  45.08,
        58.23,  53.14,  53.63,  65.11,  75.87,  76.68,  62.96,  44.78,
        50.46,  70.38,  67.16,  47.58,  35.68,  34.33,  29.51,  34.63,
        46.14,  43.43,  57.87,  85.54,  89.69,  98.15,  95.89,  84.45,
        77.76,  76.73,  62.23,  58.67,  58.01,  54.13,  60.69,  76.58,
        69.28,  58.14,  63.95,  71.5 ,  63.06,  45.66,  46.47,  45.99,
        42.7 ,  44.46,  40.2 ,  42.53,  38.07,  31.89,  41.76,  40.97,
        33.22,  39.64,  52.23,  57.  ,  57.34,  46.19,  59.8 ,  64.92,
        66.31,  54.44,  55.73,  60.95,  61.75,  53.75,  56.21,  57.78,
        76.86,  94.69])}",NA
14,,Q00534,1,4TTH,2014-06-20,X-RAY DIFFRACTION,2.9,0.3366,YES,0.2912,protein complex,"['CGH2_SHV21, Q01043, chain_A;CDK6_HUMAN, Q00534, chain_B']",NA,NA,Other ligands,"['9-cyclopentyl-N-(5-piperazin-1-ylpyridin-2-yl)pyrido[4,5]pyrrolo[1,2-d]pyrimidin-2-amine, chain B']",B,"{'B': '[(92, 244)]'}",NA,"{'B': array([91.36, 91.66, 83.12, 83.97, 75.05, 71.4 , 66.87, 61.5 , 76.58,
       74.51, 81.54, 76.96, 70.68, 62.45, 74.23, 74.27, 69.32, 72.86,
       78.8 , 82.92, 81.27, 79.58, 77.87, 77.78, 82.71, 77.23, 61.16,
       63.51, 66.69, 57.05, 59.64, 65.18, 63.99, 67.23, 60.04, 58.56,
       58.77, 58.33, 52.16, 56.21, 44.71, 42.27, 44.73, 41.17, 34.69,
       33.96, 39.53, 34.46, 33.26, 37.37, 45.64, 50.27, 45.07, 53.88,
       60.46, 63.56, 61.81, 65.32, 63.95, 56.25, 67.15, 66.2 , 69.91,
       62.51, 59.77, 66.4 , 60.83, 59.04, 55.49, 52.63, 58.79, 57.71,
       58.24, 52.93, 44.79, 46.83, 38.82, 33.2 , 31.76, 30.32, 23.49,
       32.09, 31.73, 38.55, 46.26, 45.84, 58.47, 63.59, 50.15, 56.41,
       54.94, 54.77, 59.16, 53.2 , 42.16, 47.7 , 46.53, 48.54, 45.82,
       51.85, 44.72, 48.52, 45.71, 42.69, 48.35, 41.16, 43.47, 41.44,
       43.24, 45.87, 46.99, 48.12, 48.41, 55.16, 51.81, 51.94, 57.06,
       58.59, 61.97, 53.29, 66.96, 65.1 , 63.78, 64.57, 64.01, 60.34,
       51.21, 58.62, 66.66, 65.83, 65.96, 61.65, 50.95, 57.47, 60.17,
       60.67, 50.83, 67.27, 61.33, 64.59, 71.31, 72.38, 69.08, 76.59,
       76.08, 82.92, 83.39, 84.03, 93.47, 95.3 , 82.67, 78.67, 63.94])}",NA
15,,Q00534,1,1XO2,2004-10-05,X-RAY DIFFRACTION,2.9,0.313,YES,0.2946,protein complex,"['CGH2_SHV21, Q01043, chain_A;CDK6_HUMAN, Q00534, chain_B']",NA,NA,Other ligands,"[""3,7,3',4'-TETRAHYDROXYFLAVONE, chain B""]",B,"{'B': '[(11, 87);(91, 255);(259, 305)]'}",NA,"{'B': array([112.54, 111.3 , 115.81, 118.72, 116.69,  85.42,  53.76,  44.6 ,
        43.81,  52.9 ,  53.  ,  59.36,  83.31, 135.7 , 139.01, 114.99,
       109.17, 112.04,  89.18,  92.31, 108.84, 120.11, 114.57, 111.11,
       130.67, 165.03, 158.78, 127.66, 129.71,  94.84,  92.28,  75.09,
        86.15,  90.97,  81.3 ,  95.55, 104.95, 130.62, 131.96, 127.37,
       107.3 ,  79.94,  54.1 ,  45.26,  41.61,  38.72,  35.14,  33.01,
        33.05,  34.09,  39.49,  27.07,  21.58,  26.22,  31.36,  31.91,
        26.81,  28.59,  37.55,  37.33,  39.43,  44.28,  34.05,  33.25,
        32.95,  34.99,  33.57,  51.26,  46.15,  50.22,  52.24,  51.92,
        89.93, 109.29, 110.87, 126.17, 131.52, 116.92,  89.27,  81.95,
        73.3 ,  63.37,  54.82,  47.24,  53.91,  57.59,  69.69,  76.14,
        84.09,  77.29,  64.05,  61.79,  62.11,  71.51,  67.7 ,  67.33,
        86.84,  78.56,  72.81,  85.86,  85.75, 103.53, 101.4 ,  77.5 ,
        63.37,  66.28,  66.84,  53.24,  57.91,  55.08,  46.46,  45.45,
        41.26,  33.3 ,  35.81,  36.84,  46.87,  62.7 ,  54.72,  41.49,
        36.24,  36.1 ,  35.7 ,  30.12,  27.82,  26.41,  29.32,  31.51,
        33.77,  41.91,  49.08,  48.29,  56.04,  59.91,  67.27,  60.68,
        44.1 ,  36.01,  43.84,  58.88,  65.22,  66.5 ,  59.31,  62.12,
        73.72,  66.8 ,  48.62,  46.95,  53.43,  71.15,  47.34,  38.8 ,
        34.35,  37.51,  41.86,  37.74,  41.3 ,  39.07,  42.21,  46.96,
        47.37,  47.2 ,  57.53,  78.28,  92.68,  93.75,  92.99,  93.99,
        84.91,  78.82,  73.55,  62.1 ,  51.96,  52.81,  59.77,  77.1 ,
        69.29,  64.24,  56.44,  58.3 ,  52.75,  48.46,  41.06,  40.43,
        35.75,  27.87,  35.62,  40.77,  39.89,  33.36,  31.07,  38.99,
        43.7 ,  42.57,  36.28,  45.34,  53.37,  57.54,  64.48,  66.79,
        60.97,  58.69,  59.76,  50.83,  47.09,  57.77,  67.47,  66.28,
        59.28,  65.7 ,  67.57,  63.67,  61.83,  56.65,  53.65,  50.02,
        47.07,  52.81,  56.69,  58.38,  53.71,  67.15,  76.49,  79.34,
        93.57, 100.79, 104.9 , 112.37,  87.82,  71.71,  59.11,  71.48,
        80.91,  76.11,  68.96,  69.02,  66.81,  69.74,  98.27, 132.27,
       145.56, 181.75, 112.91, 115.9 , 114.47,  98.32, 106.45, 100.83,
        88.26,  88.8 , 116.75, 138.06,  98.99,  85.53,  67.73,  59.44,
        64.61,  71.63,  64.84,  55.13,  50.54,  51.91,  51.06,  52.7 ,
        44.46,  41.53,  39.83,  41.09,  44.33,  46.4 ,  51.98,  45.3 ,
        39.75,  43.69,  39.82,  43.48,  40.8 ,  42.23,  42.84,  43.41,
        43.65,  49.41,  47.12,  54.83,  72.22,  73.56,  72.97,  91.82,
        85.34])}",NA
16,,Q00534,1,1G3N,2000-10-24,X-RAY DIFFRACTION,2.9,0.262,NO,NA,protein complex,"['CDK6_HUMAN, Q00534, chain_A;CDN2C_HUMAN, P42773, chain_B;Q98147_HHV8, Q98147, chain_C']",NA,NA,NA,NA,A;E,"{'A': '[(9, 301)]', 'E': '[(9, 301)]'}",NA,"{'A': array([ 90.57,  87.74,  77.02,  62.85,  51.95,  46.66,  36.9 ,  34.19,
        33.9 ,  35.29,  36.78,  39.22,  37.1 ,  31.18,  32.9 ,  37.22,
        37.28,  34.45,  36.47,  34.85,  35.4 ,  35.42,  35.88,  39.73,
        41.55,  50.37,  51.48,  48.07,  44.2 ,  43.07,  41.16,  39.11,
        35.93,  38.4 ,  43.34,  47.61,  52.49,  59.46,  60.13,  65.63,
        67.42,  71.8 ,  76.1 ,  68.52,  58.16,  48.87,  46.53,  46.5 ,
        46.29,  40.88,  39.85,  44.58,  44.07,  37.33,  35.29,  32.17,
        36.09,  35.8 ,  31.43,  29.63,  35.14,  38.88,  40.36,  44.27,
        41.53,  39.76,  38.72,  37.67,  35.66,  41.8 ,  42.47,  44.2 ,
        47.31,  49.47,  52.47,  64.67,  75.76,  89.25,  98.43, 100.35,
       101.27,  96.87,  88.46,  75.61,  62.18,  49.92,  44.68,  38.57,
        34.12,  32.66,  34.77,  35.32,  29.6 ,  31.74,  29.42,  31.54,
        29.39,  29.77,  31.5 ,  35.38,  38.2 ,  43.75,  42.58,  52.38,
        62.47,  63.84,  54.42,  50.13,  41.9 ,  41.82,  46.19,  45.7 ,
        42.67,  39.2 ,  40.86,  39.61,  36.46,  35.06,  33.46,  34.06,
        34.95,  39.11,  44.53,  44.69,  41.79,  40.88,  36.99,  37.03,
        39.72,  43.04,  44.13,  45.97,  37.6 ,  34.15,  35.46,  38.75,
        39.27,  37.19,  31.84,  36.38,  41.65,  36.52,  34.72,  35.05,
        35.18,  36.09,  39.83,  41.35,  37.92,  43.89,  40.45,  34.04,
        30.03,  27.74,  30.58,  26.71,  30.55,  31.15,  33.98,  34.14,
        34.59,  41.21,  51.41,  60.05,  72.53,  81.13,  78.97,  76.18,
        64.75,  49.61,  36.47,  28.43,  26.43,  26.96,  25.26,  24.86,
        26.01,  32.64,  32.76,  32.96,  35.58,  33.9 ,  32.47,  36.76,
        48.02,  52.74,  52.85,  51.56,  41.19,  32.51,  31.49,  29.85,
        30.1 ,  31.64,  24.75,  25.24,  27.83,  27.78,  28.39,  25.83,
        31.14,  30.53,  34.19,  35.39,  38.2 ,  36.39,  36.27,  40.58,
        37.7 ,  36.45,  33.18,  35.65,  40.83,  44.64,  45.33,  47.97,
        44.39,  43.8 ,  40.36,  37.98,  34.61,  35.62,  35.78,  38.32,
        40.3 ,  36.39,  33.25,  33.5 ,  34.65,  38.21,  43.36,  53.43,
        55.22,  51.23,  42.39,  40.18,  50.32,  51.43,  42.9 ,  41.17,
        44.72,  45.04,  43.34,  49.83,  53.99,  65.3 ,  81.79,  85.68,
        83.39,  81.39,  71.23,  65.42,  60.79,  56.47,  56.22,  56.26,
        53.3 ,  57.33,  66.87,  65.09,  57.27,  55.77,  57.28,  52.33,
        49.22,  44.59,  37.63,  33.6 ,  32.6 ,  30.47,  34.39,  33.38,
        32.33,  33.59,  34.61,  33.98,  33.49,  37.48,  38.46,  36.49,
        34.32,  35.73,  39.97,  41.4 ,  39.96,  42.16,  40.93,  44.05,
        47.42,  50.22,  53.25,  60.77,  71.56]), 'E': array([ 91.05,  87.08,  77.15,  63.6 ,  53.47,  48.11,  40.41,  34.96,
        36.05,  33.92,  36.87,  37.65,  38.17,  35.29,  33.52,  34.96,
        32.65,  31.59,  35.52,  36.12,  35.96,  33.71,  35.44,  38.38,
        43.56,  51.07,  50.57,  46.27,  41.34,  42.79,  40.86,  38.52,
        38.93,  40.73,  44.81,  49.83,  55.93,  63.34,  62.76,  68.4 ,
        68.98,  71.98,  75.66,  71.98,  63.6 ,  54.11,  47.78,  48.55,
        47.16,  43.86,  41.16,  46.37,  43.53,  37.69,  32.73,  33.06,
        34.93,  35.5 ,  37.16,  35.62,  38.59,  39.98,  39.76,  45.78,
        44.2 ,  41.11,  40.25,  38.1 ,  37.73,  41.23,  43.72,  45.78,
        45.68,  48.22,  54.89,  65.47,  76.82,  89.24,  98.19, 100.42,
       103.31,  98.63,  88.75,  75.86,  63.07,  51.12,  45.25,  39.66,
        33.94,  32.91,  32.92,  34.73,  32.03,  33.45,  32.98,  34.18,
        30.35,  31.53,  37.3 ,  38.09,  41.34,  45.67,  45.6 ,  53.56,
        61.54,  65.2 ,  58.2 ,  53.47,  47.77,  48.36,  47.12,  46.59,
        44.47,  40.5 ,  41.55,  41.33,  38.26,  39.06,  35.39,  38.04,
        35.87,  39.28,  46.51,  44.53,  41.75,  42.28,  39.79,  36.23,
        40.9 ,  45.04,  48.99,  49.52,  40.86,  36.08,  36.25,  42.93,
        40.96,  38.82,  34.89,  36.73,  42.92,  35.81,  38.05,  38.17,
        38.03,  36.08,  41.19,  40.37,  41.46,  47.44,  42.33,  38.1 ,
        31.69,  30.64,  33.66,  32.59,  32.05,  31.57,  32.82,  33.86,
        34.89,  40.67,  50.34,  61.22,  76.11,  84.73,  81.99,  74.38,
        62.82,  46.66,  35.75,  31.4 ,  28.58,  30.29,  28.57,  28.99,
        31.02,  34.36,  35.79,  34.76,  32.97,  32.34,  32.33,  36.57,
        47.3 ,  52.64,  54.33,  52.19,  41.84,  33.37,  29.99,  28.03,
        31.24,  33.56,  30.58,  30.85,  28.66,  32.03,  31.74,  35.02,
        38.96,  38.12,  40.41,  39.09,  40.67,  40.3 ,  43.97,  42.57,
        41.42,  38.18,  34.06,  37.41,  40.16,  45.03,  43.75,  48.59,
        44.2 ,  45.3 ,  39.39,  41.3 ,  36.98,  36.02,  38.43,  38.8 ,
        40.57,  38.9 ,  37.33,  39.78,  39.67,  40.7 ,  47.78,  55.19,
        57.34,  49.51,  44.26,  43.  ,  50.23,  51.46,  43.71,  39.91,
        42.82,  47.34,  48.14,  50.47,  55.78,  66.21,  82.93,  85.74,
        83.71,  81.84,  73.02,  63.98,  60.02,  56.43,  58.37,  58.8 ,
        57.31,  60.13,  66.71,  68.28,  59.67,  58.92,  61.57,  54.84,
        52.84,  47.05,  42.48,  39.78,  36.71,  35.49,  39.27,  37.66,
        35.93,  35.43,  36.32,  39.02,  37.78,  41.23,  44.58,  43.44,
        42.08,  39.2 ,  41.94,  45.16,  44.8 ,  49.3 ,  48.73,  49.45,
        48.84,  52.43,  56.41,  66.22,  74.75])}",NA
17,,Q00534,1,2EUF,2005-10-28,X-RAY DIFFRACTION,3.0,0.30597,YES,0.2824,protein complex,"['CGH2_SHV21, Q01043, chain_A;CDK6_HUMAN, Q00534, chain_B']",NA,NA,Other ligands,"CALCIUM ION, chain A;ACETATE ION, chain B;6-ACETYL-8-CYCLOPENTYL-5-METHYL-2-[(5-PIPERAZIN-1-YLPYRIDIN-2-YL)AMINO]PYRIDO[2,3-D]PYRIMIDIN-7(8H)-ONE, chain B;DIMETHYL SULFOXIDE, chain B",B,"{'B': '[(10, 244)]'}",NA,"{'B': array([58.39, 58.61, 58.87, 59.21, 58.82, 57.94, 57.31, 57.31, 57.71,
       57.96, 58.81, 59.72, 60.48, 61.41, 61.48, 60.27, 58.94, 57.93,
       57.15, 55.71, 54.45, 53.55, 53.18, 52.96, 52.79, 52.47, 51.49,
       49.97, 48.14, 46.94, 46.54, 46.92, 47.73, 49.23, 49.6 , 50.27,
       50.99, 51.53, 52.11, 52.32, 52.12, 51.86, 51.2 , 49.48, 48.25,
       46.87, 46.33, 46.19, 47.06, 47.3 , 50.07, 51.02, 50.28, 50.84,
       51.03, 52.12, 52.49, 52.61, 53.14, 54.07, 53.89, 53.55, 54.09,
       53.09, 51.79, 50.88, 52.03, 52.41, 53.25, 54.22, 55.27, 56.23,
       55.95, 56.87, 57.68, 57.74, 57.33, 57.08, 56.95, 56.76, 56.1 ,
       55.42, 54.21, 53.01, 52.32, 51.45, 50.77, 49.96, 49.71, 49.91,
       49.68, 49.62, 50.57, 51.52, 51.38, 50.66, 50.76, 50.82, 51.84,
       52.46, 52.8 , 52.46, 52.06, 51.91, 51.77, 51.69, 51.97, 52.42,
       52.27, 52.87, 52.8 , 51.03, 49.47, 49.38, 49.72, 51.22, 51.2 ,
       51.27, 52.07, 52.81, 53.82, 54.94, 54.4 , 53.58, 52.69, 52.46,
       51.58, 50.97, 51.76, 51.28, 50.26, 50.35, 52.34, 54.01, 55.27,
       55.88, 55.9 , 55.59, 55.75, 55.78, 54.55, 52.37, 51.53, 51.29,
       51.2 , 50.16, 50.17, 50.08, 49.58, 49.  , 48.1 , 50.05, 51.31,
       53.09, 52.72, 52.32, 51.39, 52.12, 52.24, 50.41, 51.12, 47.85,
       46.1 , 46.84, 47.88, 49.86, 52.43, 56.32, 59.26, 61.17, 60.98,
       60.68, 60.6 , 59.4 , 59.  , 58.72, 57.82, 56.48, 55.56, 55.25,
       52.95, 51.4 , 50.62, 52.01, 52.89, 53.41, 54.6 , 55.33, 55.91,
       55.26, 54.05, 52.57, 51.12, 49.99, 50.05, 49.35, 49.09, 48.57,
       48.84, 49.46, 50.04, 50.88, 51.65, 50.99, 49.96, 48.83, 48.34,
       48.85, 49.07, 48.12, 47.  , 47.25, 47.5 , 47.91, 47.55, 46.38,
       46.5 , 46.59, 47.18, 47.64, 48.82, 49.02, 50.06, 52.01, 54.28,
       57.35, 59.83, 62.21, 64.54, 67.07, 69.43, 71.87, 73.92, 75.72,
       76.44])}",NA
18,,Q00534,1,1JOW,2001-07-31,X-RAY DIFFRACTION,3.1,0.323,YES,0.3088,protein complex,"['CGH2_SHV21, Q01043, chain_A;CDK6_HUMAN, Q00534, chain_B']",NA,NA,NA,NA,B,"{'B': '[(24, 244)]'}",NA,"{'B': array([199.7 , 153.79, 115.12, 131.59, 144.66, 101.91, 107.5 , 122.07,
       186.17, 127.19,  82.55, 168.81, 192.19, 201.41, 103.26, 177.94,
       103.01, 136.77,  77.73, 160.64, 113.43,  94.61,  95.06, 122.81,
       186.43, 133.92, 134.35, 155.58,  72.39,  86.54,  81.47,  64.8 ,
        72.17,  61.19,  64.66,  47.67,  66.7 ,  79.81,  50.99,  55.97,
        51.55,  45.6 ,  67.8 ,  42.1 ,  49.37,  44.31,  65.72,  59.91,
        74.39,  55.16,  54.4 ,  77.3 ,  57.95,  60.09,  76.09,  75.6 ,
        64.76,  97.62,  51.1 , 123.8 , 120.98, 117.89, 129.79, 167.2 ,
       100.27, 160.07, 129.69, 148.77,  87.19, 121.78,  84.71,  94.2 ,
        69.71,  61.72,  79.51,  71.47, 101.07, 100.44, 105.22,  95.89,
        72.89,  69.3 ,  70.77,  56.08,  82.59,  65.09, 131.26,  52.09,
        83.29, 106.48,  51.  , 122.74, 141.21,  90.44,  47.82,  86.91,
       107.85,  56.9 ,  76.26,  77.13,  63.48,  72.67,  85.37,  64.7 ,
        60.21,  66.56,  60.02, 109.74,  83.61,  56.19,  55.57,  59.07,
        45.1 ,  51.08,  74.87,  58.97,  38.72,  44.31,  58.96,  73.89,
        71.93,  63.25,  70.12,  71.62, 105.32,  72.46,  59.34,  46.22,
        49.66,  95.35,  95.17,  70.22,  60.59,  50.56, 111.08,  93.  ,
        65.89,  73.51,  47.59, 129.51,  55.53,  56.27,  40.33,  70.26,
        54.1 ,  40.6 ,  43.07,  49.65,  40.79,  58.99,  79.82,  53.36,
        88.24,  84.61, 106.96, 103.9 ,  99.06, 111.18,  94.43,  79.68,
        93.75,  82.55,  73.2 ,  42.25,  71.24, 115.52,  72.42, 104.63,
        48.07,  77.55,  63.09,  54.52,  50.07,  48.5 ,  68.5 ,  47.31,
        64.1 ,  67.79,  68.  ,  56.08,  55.1 ,  56.45,  79.75,  69.5 ,
        65.89,  66.77,  80.98,  54.97, 100.61,  79.09,  77.48,  67.83,
        88.24,  47.72,  62.09,  66.99,  88.31,  71.49,  71.38,  90.32,
        72.41,  64.87,  74.44,  70.4 ,  64.27,  70.76,  71.34,  76.11,
        84.82,  78.98,  52.45,  87.58, 127.24,  86.14, 123.25, 138.73,
       118.28, 150.71,  97.59, 113.71,  62.82])}",NA
19,,Q00534,1,1BI7,1998-06-22,X-RAY DIFFRACTION,3.4,0.33,NO,NA,protein complex,"['CDK6_HUMAN, Q00534, chain_A;CDN2A_HUMAN, P42771, chain_B']",NA,NA,NA,NA,A,"{'A': '[(72, 301)]'}",NA,"{'A': array([99.9 , 74.4 , 45.16, 66.62, 57.94, 48.66, 52.51, 58.16, 82.07,
       48.27, 45.71, 71.85, 33.81, 33.54, 57.65, 99.9 , 99.9 , 99.9 ,
       99.9 , 74.06, 46.6 , 68.75, 56.41, 31.4 , 60.28, 43.71, 38.75,
       51.62, 65.42, 35.97, 37.97, 23.39, 32.26, 49.17, 41.6 , 23.19,
       42.11, 43.5 , 38.23, 57.21, 58.48, 42.92, 54.75, 55.81, 90.84,
       41.73, 39.29, 62.9 , 99.9 , 67.49, 59.59, 73.32, 66.87, 74.23,
       44.38, 55.7 , 62.93, 56.68, 58.04, 44.26, 49.32, 72.73, 59.97,
       48.47, 74.9 , 71.94, 75.45, 62.03, 99.9 , 77.45, 89.65, 52.87,
       79.69, 80.8 , 23.34, 44.77, 67.16, 50.56, 30.81, 43.16, 47.34,
       32.09, 21.9 , 58.51, 71.13, 58.73, 48.94, 33.7 , 53.61, 45.25,
       48.68, 59.79, 72.49, 61.74, 99.9 , 99.9 , 99.9 , 99.9 , 99.9 ,
       99.9 , 99.9 , 99.9 , 99.9 , 99.9 , 99.9 , 99.9 , 99.9 , 99.9 ,
       99.9 , 99.9 , 90.28, 99.9 , 69.76, 55.74, 83.81, 54.09, 62.81,
       48.29, 58.74, 49.09, 91.59, 97.22, 93.43, 99.9 , 95.03, 99.9 ,
       84.7 , 84.73, 68.11, 69.02, 37.73, 58.26, 60.09, 46.84, 30.28,
       34.64, 43.11, 40.02, 28.14, 45.63, 42.93, 73.07, 36.83, 44.76,
       42.64, 34.54, 45.39, 76.05, 64.52, 87.74, 99.9 , 64.13, 86.45,
       78.13, 57.63, 39.11, 71.44, 86.24, 88.86, 56.23, 76.41, 68.62,
       48.08, 99.9 , 99.9 , 99.9 , 99.9 , 99.9 , 99.9 , 99.9 , 99.9 ,
       99.9 , 99.9 , 99.9 , 99.9 , 99.9 , 99.9 , 99.9 , 99.9 , 86.17,
       99.9 , 99.9 , 78.08, 99.9 , 99.9 , 99.9 , 99.9 , 99.9 , 99.9 ,
       62.91, 81.54, 86.98, 69.82, 69.59, 46.47, 60.24, 99.9 , 49.53,
       61.93, 79.39, 67.17, 81.17, 78.34, 77.2 , 51.33, 63.07, 74.62,
       98.35, 63.15, 60.27, 99.38, 82.18, 99.9 , 74.33, 89.58, 99.9 ,
       99.9 , 60.25, 66.28, 69.84, 92.75, 99.9 , 73.77, 82.53, 92.58,
       99.9 , 83.53, 67.66, 99.9 , 99.9 ])}",NA
